media_source,date,country_code,earnings,cost
ByteDance,2020-07-09,US,0.0,0.0
ByteDance,2020-07-22,US,0.5,0.0
ByteDance,2020-07-23,US,0.0,0.0
ByteDance,2020-07-29,US,0.0,101.0
ByteDance,2020-07-30,US,0.0,43.28
ByteDance,2020-07-31,US,0.0,17.96
ByteDance,2020-08-01,US,0.0,5.41
ByteDance,2020-08-02,US,0.5,178.65
ByteDance,2020-08-03,US,50.99,328.73
ByteDance,2020-08-04,MX,0.5,0.0
ByteDance,2020-08-04,US,12.99,636.93
ByteDance,2020-08-05,RU,0.0,6.74
ByteDance,2020-08-05,US,3.0,660.85
ByteDance,2020-08-06,RU,0.5,41.38
ByteDance,2020-08-06,US,100.98,518.88
ByteDance,2020-08-07,RU,0.0,36.52
ByteDance,2020-08-07,US,1.0,620.09
ByteDance,2020-08-08,RU,0.0,55.59
ByteDance,2020-08-08,US,1.0,437.96
ByteDance,2020-08-09,RU,0.0,9.22
ByteDance,2020-08-09,US,1.5,337.5
ByteDance,2020-08-10,RU,0.0,0.0
ByteDance,2020-08-10,US,11.99,244.9
ByteDance,2020-08-11,MX,9.99,0.0
ByteDance,2020-08-11,RU,0.0,2.36
ByteDance,2020-08-11,US,71.47,240.86
ByteDance,2020-08-12,MX,7.99,0.0
ByteDance,2020-08-12,RU,0.0,0.0
ByteDance,2020-08-12,US,56.94,253.22
ByteDance,2020-08-13,RU,0.0,0.0
ByteDance,2020-08-13,US,9.99,247.86
ByteDance,2020-08-14,US,10.49,263.49
ByteDance,2020-08-15,US,17.98,359.24
ByteDance,2020-08-16,US,0.5,140.06
ByteDance,2020-08-17,US,0.0,146.18
ByteDance,2020-08-18,MX,9.99,0.0
ByteDance,2020-08-18,US,29.97,71.38
ByteDance,2020-08-19,US,36.96,147.87
ByteDance,2020-08-20,US,10.49,40.84
ByteDance,2020-08-21,US,9.99,48.94
ByteDance,2020-08-22,US,10.49,18.71
ByteDance,2020-08-23,US,0.0,34.05
ByteDance,2020-08-24,US,0.0,41.44
ByteDance,2020-08-25,US,30.97,109.11
ByteDance,2020-08-26,US,20.98,223.81
ByteDance,2020-08-27,DE,0.0,0.69
ByteDance,2020-08-27,PL,0.0,2.32
ByteDance,2020-08-27,RU,0.0,14.06
ByteDance,2020-08-27,US,48.96,668.55
ByteDance,2020-08-28,CA,0.0,0.05
ByteDance,2020-08-28,DE,0.0,8.16
ByteDance,2020-08-28,GB,0.0,0.0
ByteDance,2020-08-28,PL,0.0,7.15
ByteDance,2020-08-28,RU,0.0,3.36
ByteDance,2020-08-28,US,52.45,406.68
ByteDance,2020-08-29,CA,0.0,3.02
ByteDance,2020-08-29,DE,0.0,35.21
ByteDance,2020-08-29,GB,0.0,0.46
ByteDance,2020-08-29,PL,0.0,7.89
ByteDance,2020-08-29,RU,0.0,23.04
ByteDance,2020-08-29,US,15.49,502.47
ByteDance,2020-08-30,CA,0.0,0.88
ByteDance,2020-08-30,DE,0.0,6.05
ByteDance,2020-08-30,GB,0.0,0.09
ByteDance,2020-08-30,PL,0.0,4.64
ByteDance,2020-08-30,RU,0.0,8.03
ByteDance,2020-08-30,US,19.48,322.02
ByteDance,2020-08-31,CA,0.0,0.86
ByteDance,2020-08-31,DE,0.0,0.63
ByteDance,2020-08-31,GB,0.0,0.0
ByteDance,2020-08-31,PL,0.0,0.76
ByteDance,2020-08-31,RU,0.0,0.11
ByteDance,2020-08-31,US,15.99,430.39
ByteDance,2020-09-01,CA,0.0,0.09
ByteDance,2020-09-01,DE,0.0,0.0
ByteDance,2020-09-01,GB,0.0,0.0
ByteDance,2020-09-01,PL,0.0,0.0
ByteDance,2020-09-01,RU,0.0,0.0
ByteDance,2020-09-01,US,48.96,844.22
ByteDance,2020-09-02,CA,0.0,0.22
ByteDance,2020-09-02,DE,0.0,6.6
ByteDance,2020-09-02,GB,0.0,2.53
ByteDance,2020-09-02,PL,0.0,3.89
ByteDance,2020-09-02,US,279.89,1254.51
ByteDance,2020-09-03,CA,0.0,11.97
ByteDance,2020-09-03,DE,0.0,3.62
ByteDance,2020-09-03,GB,0.0,50.33
ByteDance,2020-09-03,PL,0.0,5.63
ByteDance,2020-09-03,US,195.31,707.47
ByteDance,2020-09-04,CA,0.0,12.52
ByteDance,2020-09-04,GB,0.0,44.98
ByteDance,2020-09-04,PL,0.0,12.4
ByteDance,2020-09-04,RU,0.0,0.0
ByteDance,2020-09-04,US,169.38,1107.05
ByteDance,2020-09-05,CA,0.0,0.61
ByteDance,2020-09-05,GB,0.0,1.18
ByteDance,2020-09-05,PL,0.0,3.24
ByteDance,2020-09-05,US,99.91,1093.45
ByteDance,2020-09-06,CA,0.0,0.0
ByteDance,2020-09-06,DE,0.0,0.0
ByteDance,2020-09-06,GB,0.0,0.04
ByteDance,2020-09-06,PL,0.0,1.02
ByteDance,2020-09-06,US,97.45,952.86
ByteDance,2020-09-07,CA,0.0,13.5
ByteDance,2020-09-07,GB,0.0,0.0
ByteDance,2020-09-07,PL,0.0,0.18
ByteDance,2020-09-07,US,214.37,1629.23
ByteDance,2020-09-08,CA,0.0,13.69
ByteDance,2020-09-08,RU,19.98,696.31
ByteDance,2020-09-08,US,188.86,1445.52
ByteDance,2020-09-09,CA,0.0,1.39
ByteDance,2020-09-09,RU,2.0,285.57
ByteDance,2020-09-09,US,183.82,1392.73
ByteDance,2020-09-10,CA,0.0,14.51
ByteDance,2020-09-10,DE,0.0,65.11
ByteDance,2020-09-10,GB,0.0,26.34
ByteDance,2020-09-10,PL,0.0,21.0
ByteDance,2020-09-10,RU,8.49,136.17
ByteDance,2020-09-10,US,233.27,1122.65
ByteDance,2020-09-11,CA,0.0,8.94
ByteDance,2020-09-11,DE,0.0,31.21
ByteDance,2020-09-11,GB,0.0,15.91
ByteDance,2020-09-11,PL,0.0,12.26
ByteDance,2020-09-11,RU,0.0,0.0
ByteDance,2020-09-11,US,180.32,328.08
ByteDance,2020-09-12,CA,0.0,2.42
ByteDance,2020-09-12,DE,0.0,3.44
ByteDance,2020-09-12,GB,0.0,0.24
ByteDance,2020-09-12,PL,0.0,1.84
ByteDance,2020-09-12,RU,0.0,0.0
ByteDance,2020-09-12,US,224.81,38.91
ByteDance,2020-09-13,PL,0.0,0.0
ByteDance,2020-09-13,RU,0.0,0.0
ByteDance,2020-09-13,US,108.89,151.65
ByteDance,2020-09-14,PL,0.0,0.0
ByteDance,2020-09-14,RU,0.0,0.0
ByteDance,2020-09-14,US,78.42,102.02
ByteDance,2020-09-15,DE,0.0,0.0
ByteDance,2020-09-15,RU,0.0,0.0
ByteDance,2020-09-15,US,186.31,3.06
ByteDance,2020-09-16,GB,0.0,0.0
ByteDance,2020-09-16,RU,0.0,0.0
ByteDance,2020-09-16,US,219.77,25.56
ByteDance,2020-09-17,US,269.77,2.54
ByteDance,2020-09-18,US,129.87,0.17
ByteDance,2020-09-19,US,155.84,0.77
ByteDance,2020-09-20,US,97.9,0.0
ByteDance,2020-09-21,US,39.96,10.46
ByteDance,2020-09-22,US,138.86,63.54
ByteDance,2020-09-23,CA,0.0,16.41
ByteDance,2020-09-23,DE,0.0,10.73
ByteDance,2020-09-23,GB,0.0,19.17
ByteDance,2020-09-23,PL,0.0,7.97
ByteDance,2020-09-23,RU,0.0,9.83
ByteDance,2020-09-23,US,163.83,1.45
ByteDance,2020-09-24,CA,0.0,14.03
ByteDance,2020-09-24,DE,0.0,21.66
ByteDance,2020-09-24,GB,0.0,31.2
ByteDance,2020-09-24,PL,0.0,10.84
ByteDance,2020-09-24,RU,0.5,44.99
ByteDance,2020-09-24,US,219.78,6.8
ByteDance,2020-09-25,CA,0.0,28.61
ByteDance,2020-09-25,DE,0.0,22.56
ByteDance,2020-09-25,GB,0.0,32.21
ByteDance,2020-09-25,PL,0.0,3.27
ByteDance,2020-09-25,RU,7.99,14.76
ByteDance,2020-09-25,US,140.36,11.64
ByteDance,2020-09-26,CA,0.5,35.93
ByteDance,2020-09-26,DE,0.0,0.0
ByteDance,2020-09-26,GB,0.0,28.33
ByteDance,2020-09-26,PL,0.0,0.0
ByteDance,2020-09-26,RU,0.0,0.0
ByteDance,2020-09-26,US,137.86,0.0
ByteDance,2020-09-27,CA,0.5,29.31
ByteDance,2020-09-27,DE,0.0,0.0
ByteDance,2020-09-27,GB,0.0,39.23
ByteDance,2020-09-27,US,117.88,0.0
ByteDance,2020-09-28,CA,10.49,22.0
ByteDance,2020-09-28,DE,0.0,0.0
ByteDance,2020-09-28,GB,0.0,66.52
ByteDance,2020-09-28,RU,0.0,0.0
ByteDance,2020-09-28,US,39.96,0.0
ByteDance,2020-09-29,CA,0.0,0.0
ByteDance,2020-09-29,GB,0.0,0.0
ByteDance,2020-09-29,RU,0.0,0.0
ByteDance,2020-09-29,US,118.38,0.0
ByteDance,2020-09-30,CA,0.0,4.98
ByteDance,2020-09-30,DE,0.0,11.29
ByteDance,2020-09-30,GB,0.0,2.06
ByteDance,2020-09-30,PL,0.0,11.2
ByteDance,2020-09-30,RU,0.0,24.98
ByteDance,2020-09-30,US,91.9,0.02
Facebook Ads,2020-07-01,BR,21.98,249.99
Facebook Ads,2020-07-01,CA,9.99,108.74
Facebook Ads,2020-07-01,DE,2.0,50.67
Facebook Ads,2020-07-01,GB,0.0,111.24
Facebook Ads,2020-07-01,HK,12.49,93.2
Facebook Ads,2020-07-01,MX,0.5,27.8
Facebook Ads,2020-07-01,PL,0.0,42.21
Facebook Ads,2020-07-01,RU,1.0,41.28
Facebook Ads,2020-07-01,US,343.91,810.0
Facebook Ads,2020-07-02,BR,22.98,91.21
Facebook Ads,2020-07-02,CA,9.99,116.84
Facebook Ads,2020-07-02,DE,1.0,56.16
Facebook Ads,2020-07-02,GB,0.0,136.26
Facebook Ads,2020-07-02,HK,2.0,64.73
Facebook Ads,2020-07-02,MX,50.49,30.93
Facebook Ads,2020-07-02,PL,11.99,52.49
Facebook Ads,2020-07-02,RU,8.49,37.31
Facebook Ads,2020-07-02,US,202.43,820.49
Facebook Ads,2020-07-03,BR,151.47,138.66
Facebook Ads,2020-07-03,CA,11.99,104.55
Facebook Ads,2020-07-03,DE,1.5,44.27
Facebook Ads,2020-07-03,GB,0.0,147.69
Facebook Ads,2020-07-03,HK,151.47,73.09
Facebook Ads,2020-07-03,MX,0.0,27.81
Facebook Ads,2020-07-03,PL,1.0,77.66
Facebook Ads,2020-07-03,RU,1.0,38.7
Facebook Ads,2020-07-03,US,423.87,965.53
Facebook Ads,2020-07-04,BR,61.980000000000004,169.86
Facebook Ads,2020-07-04,CA,51.49,97.28
Facebook Ads,2020-07-04,DE,0.0,42.1
Facebook Ads,2020-07-04,GB,0.0,121.9
Facebook Ads,2020-07-04,HK,12.49,78.19
Facebook Ads,2020-07-04,MX,62.980000000000004,60.97
Facebook Ads,2020-07-04,PL,1.5,30.7
Facebook Ads,2020-07-04,RU,0.0,18.0
Facebook Ads,2020-07-04,US,94.96000000000001,1129.41
Facebook Ads,2020-07-05,BR,51.49,154.53
Facebook Ads,2020-07-05,CA,9.49,80.36
Facebook Ads,2020-07-05,DE,13.49,72.53
Facebook Ads,2020-07-05,GB,0.0,146.86
Facebook Ads,2020-07-05,HK,2.0,51.17
Facebook Ads,2020-07-05,MX,2.5,30.39
Facebook Ads,2020-07-05,PL,67.48,210.27
Facebook Ads,2020-07-05,RU,0.0,10.09
Facebook Ads,2020-07-05,US,371.38,957.83
Facebook Ads,2020-07-06,BR,61.480000000000004,115.26
Facebook Ads,2020-07-06,CA,61.980000000000004,122.22
Facebook Ads,2020-07-06,DE,1.0,49.58
Facebook Ads,2020-07-06,GB,0.0,94.68
Facebook Ads,2020-07-06,HK,101.48,72.26
Facebook Ads,2020-07-06,MX,1.0,37.91
Facebook Ads,2020-07-06,PL,1.0,63.92
Facebook Ads,2020-07-06,RU,0.5,18.77
Facebook Ads,2020-07-06,US,272.41,1227.82
Facebook Ads,2020-07-07,BR,3.0,130.63
Facebook Ads,2020-07-07,CA,12.49,114.6
Facebook Ads,2020-07-07,DE,8.49,31.73
Facebook Ads,2020-07-07,GB,0.0,66.27
Facebook Ads,2020-07-07,HK,103.48,214.12
Facebook Ads,2020-07-07,MX,1.0,38.53
Facebook Ads,2020-07-07,PL,1.0,30.37
Facebook Ads,2020-07-07,RU,1.0,39.91
Facebook Ads,2020-07-07,US,704.77,1375.09
Facebook Ads,2020-07-08,BR,28.47,114.05
Facebook Ads,2020-07-08,CA,22.48,61.64
Facebook Ads,2020-07-08,DE,30.47,33.64
Facebook Ads,2020-07-08,GB,0.0,54.05
Facebook Ads,2020-07-08,HK,27.47,12.77
Facebook Ads,2020-07-08,MX,1.5,20.74
Facebook Ads,2020-07-08,PL,1.0,48.49
Facebook Ads,2020-07-08,RU,21.98,61.34
Facebook Ads,2020-07-08,US,289.77,1311.86
Facebook Ads,2020-07-09,BR,31.97,125.94
Facebook Ads,2020-07-09,CA,68.47,70.09
Facebook Ads,2020-07-09,DE,21.98,43.0
Facebook Ads,2020-07-09,GB,0.0,90.92
Facebook Ads,2020-07-09,HK,35.96,36.31
Facebook Ads,2020-07-09,MX,21.48,17.5
Facebook Ads,2020-07-09,PL,11.99,44.91
Facebook Ads,2020-07-09,RU,59.980000000000004,56.3
Facebook Ads,2020-07-09,US,714.1600000000001,1881.78
Facebook Ads,2020-07-10,BR,60.980000000000004,104.33
Facebook Ads,2020-07-10,CA,2.5,79.07
Facebook Ads,2020-07-10,DE,9.49,64.38
Facebook Ads,2020-07-10,GB,0.0,79.48
Facebook Ads,2020-07-10,HK,29.47,42.21
Facebook Ads,2020-07-10,MX,0.0,27.47
Facebook Ads,2020-07-10,PL,10.99,52.14
Facebook Ads,2020-07-10,RU,11.99,57.07
Facebook Ads,2020-07-10,US,486.23,1480.51
Facebook Ads,2020-07-11,BR,110.93,133.81
Facebook Ads,2020-07-11,CA,1.0,54.36
Facebook Ads,2020-07-11,DE,50.99,58.72
Facebook Ads,2020-07-11,GB,0.0,43.9
Facebook Ads,2020-07-11,HK,85.95,26.19
Facebook Ads,2020-07-11,MX,10.49,21.44
Facebook Ads,2020-07-11,PL,2.0,47.63
Facebook Ads,2020-07-11,RU,1.5,54.0
Facebook Ads,2020-07-11,US,529.27,1604.64
Facebook Ads,2020-07-12,BR,122.46000000000001,337.78
Facebook Ads,2020-07-12,CA,83.46000000000001,136.84
Facebook Ads,2020-07-12,DE,73.97,120.79
Facebook Ads,2020-07-12,GB,0.0,122.88
Facebook Ads,2020-07-12,HK,12.49,62.99
Facebook Ads,2020-07-12,MX,1.5,40.19
Facebook Ads,2020-07-12,PL,141.94,106.0
Facebook Ads,2020-07-12,RU,4.0,111.82
Facebook Ads,2020-07-12,US,544.21,1594.37
Facebook Ads,2020-07-13,BR,52.45,102.03
Facebook Ads,2020-07-13,CA,50.45,172.68
Facebook Ads,2020-07-13,DE,11.49,132.07
Facebook Ads,2020-07-13,GB,0.0,95.49
Facebook Ads,2020-07-13,HK,50.99,67.21
Facebook Ads,2020-07-13,MX,51.49,53.52
Facebook Ads,2020-07-13,PL,10.49,74.45
Facebook Ads,2020-07-13,RU,0.5,36.7
Facebook Ads,2020-07-13,US,678.98,1502.7
Facebook Ads,2020-07-14,BR,50.95,73.27
Facebook Ads,2020-07-14,CA,30.97,132.3
Facebook Ads,2020-07-14,DE,1.5,114.6
Facebook Ads,2020-07-14,GB,0.0,55.45
Facebook Ads,2020-07-14,HK,111.43,75.25
Facebook Ads,2020-07-14,MX,11.49,52.17
Facebook Ads,2020-07-14,PL,12.99,66.09
Facebook Ads,2020-07-14,RU,31.47,32.28
Facebook Ads,2020-07-14,US,759.48,1561.41
Facebook Ads,2020-07-15,BR,45.45,105.7
Facebook Ads,2020-07-15,CA,63.94,126.04
Facebook Ads,2020-07-15,DE,80.96000000000001,110.3
Facebook Ads,2020-07-15,GB,0.0,52.38
Facebook Ads,2020-07-15,HK,45.95,34.33
Facebook Ads,2020-07-15,MX,1.5,50.49
Facebook Ads,2020-07-15,PL,53.49,100.5
Facebook Ads,2020-07-15,RU,32.97,79.97
Facebook Ads,2020-07-15,US,600.03,1549.59
Facebook Ads,2020-07-16,BR,48.45,111.21
Facebook Ads,2020-07-16,CA,25.48,326.94
Facebook Ads,2020-07-16,DE,222.44,132.35
Facebook Ads,2020-07-16,GB,0.0,89.42
Facebook Ads,2020-07-16,HK,62.480000000000004,164.26
Facebook Ads,2020-07-16,MX,17.98,103.2
Facebook Ads,2020-07-16,PL,43.96,162.31
Facebook Ads,2020-07-16,RU,122.46000000000001,169.86
Facebook Ads,2020-07-16,US,968.34,1946.43
Facebook Ads,2020-07-17,BR,30.97,278.14
Facebook Ads,2020-07-17,CA,82.93,700.45
Facebook Ads,2020-07-17,DE,128.41,315.47
Facebook Ads,2020-07-17,GB,0.0,126.6
Facebook Ads,2020-07-17,HK,99.44,224.56
Facebook Ads,2020-07-17,MX,1.5,219.99
Facebook Ads,2020-07-17,PL,44.46,255.32
Facebook Ads,2020-07-17,RU,40.46,180.97
Facebook Ads,2020-07-17,US,1218.82,4053.68
Facebook Ads,2020-07-18,BR,84.42,277.67
Facebook Ads,2020-07-18,CA,11.49,200.18
Facebook Ads,2020-07-18,DE,153.97,132.92
Facebook Ads,2020-07-18,GB,0.0,54.28
Facebook Ads,2020-07-18,HK,61.980000000000004,102.17
Facebook Ads,2020-07-18,MX,84.46000000000001,269.23
Facebook Ads,2020-07-18,PL,10.99,111.52
Facebook Ads,2020-07-18,RU,11.99,98.98
Facebook Ads,2020-07-18,US,870.4300000000001,3171.68
Facebook Ads,2020-07-19,BR,192.38,259.74
Facebook Ads,2020-07-19,CA,211.41,410.3
Facebook Ads,2020-07-19,DE,52.45,161.34
Facebook Ads,2020-07-19,GB,0.0,75.78
Facebook Ads,2020-07-19,HK,73.47,159.9
Facebook Ads,2020-07-19,MX,110.93,343.0
Facebook Ads,2020-07-19,PL,111.43,223.94
Facebook Ads,2020-07-19,RU,32.97,235.9
Facebook Ads,2020-07-19,US,1159.22,3698.57
Facebook Ads,2020-07-20,BR,102.44,261.84
Facebook Ads,2020-07-20,CA,69.93,439.14
Facebook Ads,2020-07-20,DE,59.44,117.53
Facebook Ads,2020-07-20,GB,0.0,100.72
Facebook Ads,2020-07-20,HK,20.98,73.55
Facebook Ads,2020-07-20,MX,4.0,314.93
Facebook Ads,2020-07-20,PL,62.980000000000004,134.22
Facebook Ads,2020-07-20,RU,68.48,505.81
Facebook Ads,2020-07-20,US,1769.93,5198.32
Facebook Ads,2020-07-21,BR,303.86,780.88
Facebook Ads,2020-07-21,CA,191.39000000000001,456.42
Facebook Ads,2020-07-21,DE,56.45,383.27
Facebook Ads,2020-07-21,GB,0.0,99.53
Facebook Ads,2020-07-21,HK,96.94,137.67
Facebook Ads,2020-07-21,MX,73.47,288.9
Facebook Ads,2020-07-21,PL,114.97,167.29
Facebook Ads,2020-07-21,RU,20.48,96.59
Facebook Ads,2020-07-21,US,1519.16,6519.21
Facebook Ads,2020-07-22,BR,37.96,374.99
Facebook Ads,2020-07-22,CA,113.43,402.71
Facebook Ads,2020-07-22,DE,31.97,247.47
Facebook Ads,2020-07-22,GB,0.0,87.43
Facebook Ads,2020-07-22,HK,64.93,167.83
Facebook Ads,2020-07-22,MX,229.93,277.0
Facebook Ads,2020-07-22,PL,1.0,105.62
Facebook Ads,2020-07-22,RU,53.95,172.17
Facebook Ads,2020-07-22,US,1872.48,5589.54
Facebook Ads,2020-07-23,BR,253.37,432.89
Facebook Ads,2020-07-23,CA,141.4,115.72
Facebook Ads,2020-07-23,DE,21.98,135.93
Facebook Ads,2020-07-23,GB,0.0,81.05
Facebook Ads,2020-07-23,HK,39.46,72.17
Facebook Ads,2020-07-23,MX,19.48,208.07
Facebook Ads,2020-07-23,PL,155.43,188.42
Facebook Ads,2020-07-23,RU,120.88,725.54
Facebook Ads,2020-07-23,US,1607.54,3372.75
Facebook Ads,2020-07-24,BR,172.96,746.04
Facebook Ads,2020-07-24,CA,132.36,107.49
Facebook Ads,2020-07-24,DE,124.91,78.03
Facebook Ads,2020-07-24,GB,0.0,65.94
Facebook Ads,2020-07-24,HK,95.44,61.16
Facebook Ads,2020-07-24,MX,82.46000000000001,111.3
Facebook Ads,2020-07-24,PL,125.91,143.3
Facebook Ads,2020-07-24,RU,38.46,215.97
Facebook Ads,2020-07-24,US,1507.92,2785.14
Facebook Ads,2020-07-25,BR,95.9,248.48
Facebook Ads,2020-07-25,CA,74.92,67.1
Facebook Ads,2020-07-25,DE,11.99,31.37
Facebook Ads,2020-07-25,GB,0.0,72.05
Facebook Ads,2020-07-25,HK,48.45,54.55
Facebook Ads,2020-07-25,MX,77.92,140.44
Facebook Ads,2020-07-25,PL,69.97,103.13
Facebook Ads,2020-07-25,RU,75.42,241.72
Facebook Ads,2020-07-25,US,1554.44,2754.41
Facebook Ads,2020-07-26,BR,136.36,310.49
Facebook Ads,2020-07-26,CA,117.38,122.13
Facebook Ads,2020-07-26,DE,88.45,275.67
Facebook Ads,2020-07-26,GB,0.0,60.24
Facebook Ads,2020-07-26,HK,50.95,159.53
Facebook Ads,2020-07-26,MX,93.9,177.74
Facebook Ads,2020-07-26,PL,93.41,213.41
Facebook Ads,2020-07-26,RU,86.42,468.96
Facebook Ads,2020-07-26,US,1677.89,2705.79
Facebook Ads,2020-07-27,BR,166.37,212.9
Facebook Ads,2020-07-27,CA,32.47,159.12
Facebook Ads,2020-07-27,DE,19.98,114.89
Facebook Ads,2020-07-27,GB,0.0,73.04
Facebook Ads,2020-07-27,HK,336.36,176.92
Facebook Ads,2020-07-27,MX,39.46,111.09
Facebook Ads,2020-07-27,PL,80.92,160.66
Facebook Ads,2020-07-27,RU,122.38,273.17
Facebook Ads,2020-07-27,US,2128.46,3104.21
Facebook Ads,2020-07-28,BR,146.85,127.4
Facebook Ads,2020-07-28,CA,173.36,115.68
Facebook Ads,2020-07-28,DE,90.41,58.98
Facebook Ads,2020-07-28,GB,0.0,49.7
Facebook Ads,2020-07-28,HK,42.95,161.81
Facebook Ads,2020-07-28,MX,103.43,116.08
Facebook Ads,2020-07-28,PL,61.94,173.99
Facebook Ads,2020-07-28,RU,13.49,156.49
Facebook Ads,2020-07-28,US,2613.36,3310.28
Facebook Ads,2020-07-29,BR,51.95,216.71
Facebook Ads,2020-07-29,CA,170.87,194.03
Facebook Ads,2020-07-29,DE,117.92,87.72
Facebook Ads,2020-07-29,GB,0.0,38.25
Facebook Ads,2020-07-29,HK,37.96,92.62
Facebook Ads,2020-07-29,MX,78.41,123.29
Facebook Ads,2020-07-29,PL,19.48,91.5
Facebook Ads,2020-07-29,RU,80.92,99.7
Facebook Ads,2020-07-29,US,2300.02,4057.43
Facebook Ads,2020-07-30,BR,117.38,134.66
Facebook Ads,2020-07-30,CA,62.44,143.09
Facebook Ads,2020-07-30,DE,72.47,71.43
Facebook Ads,2020-07-30,GB,0.0,52.32
Facebook Ads,2020-07-30,HK,39.96,61.27
Facebook Ads,2020-07-30,MX,37.46,101.11
Facebook Ads,2020-07-30,PL,69.93,107.68
Facebook Ads,2020-07-30,RU,276.8,139.74
Facebook Ads,2020-07-30,US,2637.31,3237.2
Facebook Ads,2020-07-31,BR,185.31,119.27
Facebook Ads,2020-07-31,CA,187.89000000000001,119.32
Facebook Ads,2020-07-31,DE,66.43,57.08
Facebook Ads,2020-07-31,GB,0.0,19.79
Facebook Ads,2020-07-31,HK,55.94,75.16
Facebook Ads,2020-07-31,MX,77.92,97.77
Facebook Ads,2020-07-31,PL,66.93,47.75
Facebook Ads,2020-07-31,RU,37.96,93.08
Facebook Ads,2020-07-31,US,1471.14,2499.95
Facebook Ads,2020-08-01,BR,121.87,102.91
Facebook Ads,2020-08-01,CA,54.44,52.9
Facebook Ads,2020-08-01,DE,0.0,18.47
Facebook Ads,2020-08-01,GB,0.0,18.38
Facebook Ads,2020-08-01,HK,58.44,225.14
Facebook Ads,2020-08-01,MX,69.43,93.82
Facebook Ads,2020-08-01,PL,29.97,29.06
Facebook Ads,2020-08-01,RU,36.46,60.13
Facebook Ads,2020-08-01,US,1702.1000000000001,2006.98
Facebook Ads,2020-08-02,BR,124.37,311.29
Facebook Ads,2020-08-02,CA,124.37,93.09
Facebook Ads,2020-08-02,DE,55.94,75.81
Facebook Ads,2020-08-02,GB,0.0,67.66
Facebook Ads,2020-08-02,HK,240.42000000000002,235.47
Facebook Ads,2020-08-02,MX,128.41,188.48
Facebook Ads,2020-08-02,PL,146.35,50.18
Facebook Ads,2020-08-02,RU,103.89,83.6
Facebook Ads,2020-08-02,US,1582.04,3103.31
Facebook Ads,2020-08-03,BR,96.9,203.96
Facebook Ads,2020-08-03,CA,86.41,109.71
Facebook Ads,2020-08-03,DE,18.98,63.05
Facebook Ads,2020-08-03,GB,0.0,65.28
Facebook Ads,2020-08-03,HK,56.44,151.4
Facebook Ads,2020-08-03,MX,50.95,220.62
Facebook Ads,2020-08-03,PL,68.43,65.56
Facebook Ads,2020-08-03,RU,69.93,66.24
Facebook Ads,2020-08-03,US,2005.17,2995.34
Facebook Ads,2020-08-04,BR,152.34,187.12
Facebook Ads,2020-08-04,CA,75.42,112.82
Facebook Ads,2020-08-04,DE,49.95,41.75
Facebook Ads,2020-08-04,GB,0.0,32.68
Facebook Ads,2020-08-04,HK,76.96000000000001,109.54
Facebook Ads,2020-08-04,MX,64.43,138.03
Facebook Ads,2020-08-04,PL,48.45,67.96
Facebook Ads,2020-08-04,RU,60.44,72.73
Facebook Ads,2020-08-04,US,2094.57,2643.26
Facebook Ads,2020-08-05,BR,118.38,351.02
Facebook Ads,2020-08-05,CA,119.38,224.81
Facebook Ads,2020-08-05,DE,50.45,71.34
Facebook Ads,2020-08-05,GB,0.0,81.31
Facebook Ads,2020-08-05,HK,59.44,151.16
Facebook Ads,2020-08-05,MX,63.93,114.63
Facebook Ads,2020-08-05,PL,149.93,76.91
Facebook Ads,2020-08-05,RU,68.43,143.08
Facebook Ads,2020-08-05,US,2678.75,3351.59
Facebook Ads,2020-08-06,BR,159.38,386.24
Facebook Ads,2020-08-06,CA,119.42,172.56
Facebook Ads,2020-08-06,DE,80.92,53.67
Facebook Ads,2020-08-06,GB,0.0,32.09
Facebook Ads,2020-08-06,HK,40.46,87.61
Facebook Ads,2020-08-06,MX,21.48,118.95
Facebook Ads,2020-08-06,PL,31.97,90.42
Facebook Ads,2020-08-06,RU,154.84,225.65
Facebook Ads,2020-08-06,US,2307.57,3764.33
Facebook Ads,2020-08-07,BR,158.84,212.05
Facebook Ads,2020-08-07,CA,98.9,147.08
Facebook Ads,2020-08-07,DE,48.95,26.03
Facebook Ads,2020-08-07,GB,0.0,21.11
Facebook Ads,2020-08-07,HK,46.45,85.28
Facebook Ads,2020-08-07,MX,118.42,113.9
Facebook Ads,2020-08-07,PL,59.94,47.23
Facebook Ads,2020-08-07,RU,162.42000000000002,133.17
Facebook Ads,2020-08-07,US,1793.47,2718.39
Facebook Ads,2020-08-08,BR,92.9,74.14
Facebook Ads,2020-08-08,CA,46.95,139.56
Facebook Ads,2020-08-08,DE,49.99,26.38
Facebook Ads,2020-08-08,GB,0.0,24.06
Facebook Ads,2020-08-08,HK,68.93,76.4
Facebook Ads,2020-08-08,MX,90.41,81.21
Facebook Ads,2020-08-08,PL,21.48,56.8
Facebook Ads,2020-08-08,RU,92.95,267.94
Facebook Ads,2020-08-08,US,1847.54,2373.63
Facebook Ads,2020-08-09,BR,145.39,135.71
Facebook Ads,2020-08-09,CA,201.87,149.24
Facebook Ads,2020-08-09,DE,36.46,51.05
Facebook Ads,2020-08-09,GB,0.0,45.11
Facebook Ads,2020-08-09,HK,315.38,139.15
Facebook Ads,2020-08-09,MX,80.42,102.03
Facebook Ads,2020-08-09,PL,130.86,62.53
Facebook Ads,2020-08-09,RU,95.41,333.0
Facebook Ads,2020-08-09,US,1719.45,2242.19
Facebook Ads,2020-08-10,BR,87.41,100.73
Facebook Ads,2020-08-10,CA,77.92,174.37
Facebook Ads,2020-08-10,DE,37.96,38.66
Facebook Ads,2020-08-10,GB,0.0,60.58
Facebook Ads,2020-08-10,HK,105.43,125.3
Facebook Ads,2020-08-10,MX,97.4,119.75
Facebook Ads,2020-08-10,PL,40.46,55.66
Facebook Ads,2020-08-10,RU,96.41,275.42
Facebook Ads,2020-08-10,US,1933.14,2364.23
Facebook Ads,2020-08-11,BR,147.35,134.4
Facebook Ads,2020-08-11,CA,152.39000000000001,190.69
Facebook Ads,2020-08-11,DE,20.48,38.27
Facebook Ads,2020-08-11,GB,0.0,71.49
Facebook Ads,2020-08-11,HK,10.49,54.6
Facebook Ads,2020-08-11,MX,36.46,141.5
Facebook Ads,2020-08-11,PL,50.95,48.0
Facebook Ads,2020-08-11,RU,21.98,123.41
Facebook Ads,2020-08-11,US,2739.9300000000003,2662.1
Facebook Ads,2020-08-12,BR,139.4,160.16
Facebook Ads,2020-08-12,CA,70.93,135.16
Facebook Ads,2020-08-12,DE,40.96,37.92
Facebook Ads,2020-08-12,GB,0.0,81.77
Facebook Ads,2020-08-12,HK,68.93,76.33
Facebook Ads,2020-08-12,MX,92.9,137.97
Facebook Ads,2020-08-12,PL,64.43,69.63
Facebook Ads,2020-08-12,RU,103.44,116.84
Facebook Ads,2020-08-12,US,2731.69,2566.67
Facebook Ads,2020-08-13,BR,190.84,198.99
Facebook Ads,2020-08-13,CA,98.9,134.82
Facebook Ads,2020-08-13,DE,60.44,37.01
Facebook Ads,2020-08-13,GB,0.0,41.76
Facebook Ads,2020-08-13,HK,38.96,48.79
Facebook Ads,2020-08-13,MX,81.46000000000001,136.92
Facebook Ads,2020-08-13,PL,49.95,86.5
Facebook Ads,2020-08-13,RU,137.36,129.62
Facebook Ads,2020-08-13,US,2594.2200000000003,2526.58
Facebook Ads,2020-08-14,BR,117.38,132.69
Facebook Ads,2020-08-14,CA,107.43,115.68
Facebook Ads,2020-08-14,DE,40.46,33.36
Facebook Ads,2020-08-14,GB,0.0,42.74
Facebook Ads,2020-08-14,HK,139.44,161.43
Facebook Ads,2020-08-14,MX,98.9,141.0
Facebook Ads,2020-08-14,PL,46.45,47.4
Facebook Ads,2020-08-14,RU,207.33,398.39
Facebook Ads,2020-08-14,US,1914.94,2070.29
Facebook Ads,2020-08-15,BR,82.91,142.97
Facebook Ads,2020-08-15,CA,186.39000000000001,93.94
Facebook Ads,2020-08-15,DE,50.49,39.8
Facebook Ads,2020-08-15,GB,0.0,34.73
Facebook Ads,2020-08-15,HK,159.38,87.58
Facebook Ads,2020-08-15,MX,87.41,157.08
Facebook Ads,2020-08-15,PL,41.46,47.01
Facebook Ads,2020-08-15,RU,167.41,251.01
Facebook Ads,2020-08-15,US,1966.47,2104.29
Facebook Ads,2020-08-16,BR,236.34,241.9
Facebook Ads,2020-08-16,CA,111.42,102.49
Facebook Ads,2020-08-16,DE,26.97,66.85
Facebook Ads,2020-08-16,GB,0.0,116.1
Facebook Ads,2020-08-16,HK,69.43,71.24
Facebook Ads,2020-08-16,MX,71.43,142.84
Facebook Ads,2020-08-16,PL,198.38,90.42
Facebook Ads,2020-08-16,RU,137.36,223.85
Facebook Ads,2020-08-16,US,1906.25,1428.43
Facebook Ads,2020-08-17,BR,101.94,183.34
Facebook Ads,2020-08-17,CA,89.41,166.85
Facebook Ads,2020-08-17,DE,29.97,73.6
Facebook Ads,2020-08-17,GB,0.0,58.43
Facebook Ads,2020-08-17,HK,216.9,115.43
Facebook Ads,2020-08-17,MX,138.36,149.55
Facebook Ads,2020-08-17,PL,62.44,95.84
Facebook Ads,2020-08-17,RU,252.33,312.21
Facebook Ads,2020-08-17,US,2414.4,2507.23
Facebook Ads,2020-08-18,BR,256.82,245.33
Facebook Ads,2020-08-18,CA,84.41,144.66
Facebook Ads,2020-08-18,DE,18.48,74.08
Facebook Ads,2020-08-18,GB,0.0,96.03
Facebook Ads,2020-08-18,HK,36.96,130.21
Facebook Ads,2020-08-18,MX,125.41,135.5
Facebook Ads,2020-08-18,Organic/Unknown,0.0,0.0
Facebook Ads,2020-08-18,PL,52.45,83.62
Facebook Ads,2020-08-18,RU,187.4,597.58
Facebook Ads,2020-08-18,US,2384.46,2181.37
Facebook Ads,2020-08-19,BR,188.89000000000001,198.72
Facebook Ads,2020-08-19,CA,80.42,195.06
Facebook Ads,2020-08-19,DE,62.94,88.21
Facebook Ads,2020-08-19,GB,0.0,109.16
Facebook Ads,2020-08-19,HK,88.45,238.07
Facebook Ads,2020-08-19,MX,81.91,141.07
Facebook Ads,2020-08-19,PL,94.9,119.56
Facebook Ads,2020-08-19,RU,147.9,637.07
Facebook Ads,2020-08-19,US,2568.15,2531.69
Facebook Ads,2020-08-20,BR,142.35,155.18
Facebook Ads,2020-08-20,CA,96.9,163.79
Facebook Ads,2020-08-20,DE,121.92,76.64
Facebook Ads,2020-08-20,GB,0.0,73.74
Facebook Ads,2020-08-20,HK,46.95,162.08
Facebook Ads,2020-08-20,MX,19.98,140.68
Facebook Ads,2020-08-20,PL,38.46,98.55
Facebook Ads,2020-08-20,RU,241.3,385.87
Facebook Ads,2020-08-20,US,2373.33,2143.66
Facebook Ads,2020-08-21,BR,124.87,153.66
Facebook Ads,2020-08-21,CA,161.42000000000002,167.67
Facebook Ads,2020-08-21,DE,39.46,89.92
Facebook Ads,2020-08-21,GB,0.0,99.22
Facebook Ads,2020-08-21,HK,188.39000000000001,175.9
Facebook Ads,2020-08-21,MX,91.91,111.67
Facebook Ads,2020-08-21,PL,49.95,70.44
Facebook Ads,2020-08-21,RU,150.85,436.4
Facebook Ads,2020-08-21,US,2114.15,1946.38
Facebook Ads,2020-08-22,BR,123.37,227.0
Facebook Ads,2020-08-22,CA,116.92,181.68
Facebook Ads,2020-08-22,DE,19.98,114.63
Facebook Ads,2020-08-22,GB,0.0,141.78
Facebook Ads,2020-08-22,HK,49.95,144.84
Facebook Ads,2020-08-22,MX,127.41,100.64
Facebook Ads,2020-08-22,PL,91.45,73.8
Facebook Ads,2020-08-22,RU,78.92,500.32
Facebook Ads,2020-08-22,US,1864.8600000000001,1706.73
Facebook Ads,2020-08-23,BR,371.79,653.75
Facebook Ads,2020-08-23,CA,59.44,211.67
Facebook Ads,2020-08-23,DE,35.96,172.1
Facebook Ads,2020-08-23,GB,0.0,356.91
Facebook Ads,2020-08-23,HK,159.92000000000002,203.94
Facebook Ads,2020-08-23,MX,91.91,91.49
Facebook Ads,2020-08-23,PL,140.4,158.17
Facebook Ads,2020-08-23,RU,117.39,856.43
Facebook Ads,2020-08-23,US,1828.3700000000001,1263.81
Facebook Ads,2020-08-24,BR,108.93,250.78
Facebook Ads,2020-08-24,CA,204.88,221.67
Facebook Ads,2020-08-24,DE,109.43,199.78
Facebook Ads,2020-08-24,GB,0.0,319.51
Facebook Ads,2020-08-24,HK,42.46,158.28
Facebook Ads,2020-08-24,MX,104.89,89.75
Facebook Ads,2020-08-24,PL,59.44,136.37
Facebook Ads,2020-08-24,RU,241.8,424.34
Facebook Ads,2020-08-24,US,2184.32,1319.9
Facebook Ads,2020-08-25,BR,136.36,116.72
Facebook Ads,2020-08-25,CA,98.9,184.71
Facebook Ads,2020-08-25,DE,19.48,111.43
Facebook Ads,2020-08-25,GB,0.0,173.76
Facebook Ads,2020-08-25,HK,50.45,87.78
Facebook Ads,2020-08-25,MX,66.43,77.45
Facebook Ads,2020-08-25,PL,50.95,85.69
Facebook Ads,2020-08-25,RU,192.85,190.47
Facebook Ads,2020-08-25,US,2171.42,1142.35
Facebook Ads,2020-08-26,BR,95.4,84.37
Facebook Ads,2020-08-26,CA,61.44,123.55
Facebook Ads,2020-08-26,DE,58.94,71.12
Facebook Ads,2020-08-26,GB,0.0,73.71
Facebook Ads,2020-08-26,HK,122.41,68.72
Facebook Ads,2020-08-26,MX,67.93,46.13
Facebook Ads,2020-08-26,PL,208.37,66.3
Facebook Ads,2020-08-26,RU,162.83,114.72
Facebook Ads,2020-08-26,US,2404.14,1042.39
Facebook Ads,2020-08-27,BR,141.85,90.77
Facebook Ads,2020-08-27,CA,173.87,131.85
Facebook Ads,2020-08-27,DE,60.94,64.88
Facebook Ads,2020-08-27,GB,0.0,72.97
Facebook Ads,2020-08-27,HK,56.44,89.02
Facebook Ads,2020-08-27,MX,68.93,53.24
Facebook Ads,2020-08-27,PL,45.95,66.69
Facebook Ads,2020-08-27,RU,228.85,112.91
Facebook Ads,2020-08-27,US,2577.7000000000003,1038.98
Facebook Ads,2020-08-28,BR,103.39,147.6
Facebook Ads,2020-08-28,CA,120.42,94.38
Facebook Ads,2020-08-28,DE,47.95,31.19
Facebook Ads,2020-08-28,GB,0.0,37.73
Facebook Ads,2020-08-28,HK,63.93,30.77
Facebook Ads,2020-08-28,MX,99.4,93.78
Facebook Ads,2020-08-28,PL,58.94,38.72
Facebook Ads,2020-08-28,RU,104.89,123.09
Facebook Ads,2020-08-28,US,1834.21,1026.41
Facebook Ads,2020-08-29,BR,133.36,119.97
Facebook Ads,2020-08-29,CA,135.4,133.97
Facebook Ads,2020-08-29,DE,20.48,67.11
Facebook Ads,2020-08-29,GB,0.0,54.41
Facebook Ads,2020-08-29,HK,76.42,50.95
Facebook Ads,2020-08-29,MX,120.42,99.15
Facebook Ads,2020-08-29,PL,51.95,66.4
Facebook Ads,2020-08-29,RU,123.87,158.23
Facebook Ads,2020-08-29,US,1631.93,894.28
Facebook Ads,2020-08-30,BR,243.75,135.12
Facebook Ads,2020-08-30,CA,82.41,73.64
Facebook Ads,2020-08-30,DE,46.95,43.62
Facebook Ads,2020-08-30,GB,0.0,39.64
Facebook Ads,2020-08-30,HK,49.45,56.98
Facebook Ads,2020-08-30,MX,151.89,86.71
Facebook Ads,2020-08-30,PL,67.93,36.11
Facebook Ads,2020-08-30,RU,283.75,99.88
Facebook Ads,2020-08-30,US,1651.42,621.64
Facebook Ads,2020-08-31,BR,120.42,125.72
Facebook Ads,2020-08-31,CA,122.38,199.64
Facebook Ads,2020-08-31,DE,79.42,89.93
Facebook Ads,2020-08-31,GB,0.0,99.76
Facebook Ads,2020-08-31,HK,269.35,53.69
Facebook Ads,2020-08-31,MX,114.88,90.49
Facebook Ads,2020-08-31,PL,65.93,61.95
Facebook Ads,2020-08-31,RU,154.84,98.87
Facebook Ads,2020-08-31,US,2063.54,1165.87
Facebook Ads,2020-09-01,BR,144.35,109.59
Facebook Ads,2020-09-01,CA,128.87,157.41
Facebook Ads,2020-09-01,DE,28.47,39.45
Facebook Ads,2020-09-01,GB,0.0,50.51
Facebook Ads,2020-09-01,HK,80.42,35.83
Facebook Ads,2020-09-01,MX,56.94,68.52
Facebook Ads,2020-09-01,PL,50.45,44.34
Facebook Ads,2020-09-01,RU,298.78000000000003,105.32
Facebook Ads,2020-09-01,US,2237.03,1254.69
Facebook Ads,2020-09-02,BR,112.38,115.84
Facebook Ads,2020-09-02,CA,121.42,139.71
Facebook Ads,2020-09-02,DE,77.92,24.28
Facebook Ads,2020-09-02,GB,0.0,32.68
Facebook Ads,2020-09-02,HK,78.46000000000001,24.47
Facebook Ads,2020-09-02,MX,95.4,55.69
Facebook Ads,2020-09-02,PL,96.4,42.15
Facebook Ads,2020-09-02,RU,102.89,89.54
Facebook Ads,2020-09-02,US,2448.19,1215.66
Facebook Ads,2020-09-03,BR,220.81,160.16
Facebook Ads,2020-09-03,CA,111.89,116.56
Facebook Ads,2020-09-03,DE,48.95,37.67
Facebook Ads,2020-09-03,GB,0.0,45.65
Facebook Ads,2020-09-03,HK,37.96,27.85
Facebook Ads,2020-09-03,MX,79.92,53.86
Facebook Ads,2020-09-03,PL,39.46,38.99
Facebook Ads,2020-09-03,RU,164.87,79.88
Facebook Ads,2020-09-03,US,2277.41,1307.59
Facebook Ads,2020-09-04,BR,103.39,230.94
Facebook Ads,2020-09-04,CA,118.38,94.03
Facebook Ads,2020-09-04,DE,27.97,42.67
Facebook Ads,2020-09-04,GB,0.0,39.05
Facebook Ads,2020-09-04,HK,56.44,32.7
Facebook Ads,2020-09-04,MX,117.38,69.1
Facebook Ads,2020-09-04,PL,29.97,43.01
Facebook Ads,2020-09-04,RU,171.32,85.07
Facebook Ads,2020-09-04,US,1976.15,1317.13
Facebook Ads,2020-09-05,BR,304.27,266.22
Facebook Ads,2020-09-05,CA,66.93,59.27
Facebook Ads,2020-09-05,DE,10.49,32.85
Facebook Ads,2020-09-05,GB,0.0,52.63
Facebook Ads,2020-09-05,HK,58.94,23.98
Facebook Ads,2020-09-05,MX,59.94,61.1
Facebook Ads,2020-09-05,PL,17.98,33.7
Facebook Ads,2020-09-05,RU,69.93,116.26
Facebook Ads,2020-09-05,US,1711.45,1417.47
Facebook Ads,2020-09-06,BR,256.28000000000003,320.72
Facebook Ads,2020-09-06,CA,93.9,97.03
Facebook Ads,2020-09-06,DE,68.93,71.41
Facebook Ads,2020-09-06,GB,0.0,91.06
Facebook Ads,2020-09-06,HK,101.4,59.21
Facebook Ads,2020-09-06,MX,91.95,68.2
Facebook Ads,2020-09-06,PL,78.92,72.48
Facebook Ads,2020-09-06,RU,303.78000000000003,218.09
Facebook Ads,2020-09-06,US,1875.95,1447.62
Facebook Ads,2020-09-07,BR,136.91,260.57
Facebook Ads,2020-09-07,CA,170.37,142.2
Facebook Ads,2020-09-07,DE,111.43,59.4
Facebook Ads,2020-09-07,GB,0.0,105.74
Facebook Ads,2020-09-07,HK,110.43,119.19
Facebook Ads,2020-09-07,MX,107.39,73.73
Facebook Ads,2020-09-07,PL,76.42,124.04
Facebook Ads,2020-09-07,RU,190.85000000000002,226.37
Facebook Ads,2020-09-07,US,2203.56,1495.46
Facebook Ads,2020-09-08,BR,140.36,134.86
Facebook Ads,2020-09-08,CA,252.33,194.04
Facebook Ads,2020-09-08,DE,29.47,81.39
Facebook Ads,2020-09-08,GB,0.0,118.78
Facebook Ads,2020-09-08,HK,99.4,61.53
Facebook Ads,2020-09-08,MX,67.43,80.83
Facebook Ads,2020-09-08,PL,50.95,53.0
Facebook Ads,2020-09-08,RU,169.83,97.36
Facebook Ads,2020-09-08,US,1964.03,1617.0
Facebook Ads,2020-09-09,BR,174.86,137.19
Facebook Ads,2020-09-09,CA,118.92,225.48
Facebook Ads,2020-09-09,DE,50.95,102.23
Facebook Ads,2020-09-09,GB,0.0,103.77
Facebook Ads,2020-09-09,HK,70.97,113.85
Facebook Ads,2020-09-09,MX,128.87,108.18
Facebook Ads,2020-09-09,Organic/Unknown,0.0,0.02
Facebook Ads,2020-09-09,PL,108.39,63.22
Facebook Ads,2020-09-09,RU,96.9,177.23
Facebook Ads,2020-09-09,US,2498.28,2125.92
Facebook Ads,2020-09-10,BR,224.31,114.7
Facebook Ads,2020-09-10,CA,130.91,112.07
Facebook Ads,2020-09-10,DE,41.46,46.84
Facebook Ads,2020-09-10,GB,0.0,118.97
Facebook Ads,2020-09-10,HK,91.45,106.52
Facebook Ads,2020-09-10,MX,78.42,106.96
Facebook Ads,2020-09-10,Organic/Unknown,0.0,0.1
Facebook Ads,2020-09-10,PL,56.44,41.51
Facebook Ads,2020-09-10,RU,139.86,178.12
Facebook Ads,2020-09-10,US,2431.88,1993.88
Facebook Ads,2020-09-11,BR,118.37,62.98
Facebook Ads,2020-09-11,CA,129.41,89.27
Facebook Ads,2020-09-11,DE,39.46,42.11
Facebook Ads,2020-09-11,GB,0.0,80.35
Facebook Ads,2020-09-11,HK,96.44,58.47
Facebook Ads,2020-09-11,MX,139.36,81.8
Facebook Ads,2020-09-11,PL,46.95,34.43
Facebook Ads,2020-09-11,RU,178.81,109.04
Facebook Ads,2020-09-11,US,2088.68,2011.17
Facebook Ads,2020-09-12,BR,379.77,118.2
Facebook Ads,2020-09-12,CA,81.92,110.04
Facebook Ads,2020-09-12,DE,29.47,57.56
Facebook Ads,2020-09-12,GB,0.0,288.51
Facebook Ads,2020-09-12,HK,88.45,80.85
Facebook Ads,2020-09-12,MX,69.93,130.71
Facebook Ads,2020-09-12,PL,18.48,47.37
Facebook Ads,2020-09-12,RU,129.91,127.68
Facebook Ads,2020-09-12,US,1736.93,2063.0
Facebook Ads,2020-09-13,BR,209.83,163.64
Facebook Ads,2020-09-13,CA,68.43,79.28
Facebook Ads,2020-09-13,DE,88.45,41.64
Facebook Ads,2020-09-13,GB,0.0,75.34
Facebook Ads,2020-09-13,HK,227.89000000000001,60.61
Facebook Ads,2020-09-13,MX,72.93,101.85
Facebook Ads,2020-09-13,PL,78.92,61.93
Facebook Ads,2020-09-13,RU,199.8,142.95
Facebook Ads,2020-09-13,US,1746.42,1929.67
Facebook Ads,2020-09-14,BR,207.83,277.56
Facebook Ads,2020-09-14,CA,260.86,167.17
Facebook Ads,2020-09-14,DE,71.43,53.71
Facebook Ads,2020-09-14,GB,0.0,141.37
Facebook Ads,2020-09-14,HK,129.41,97.8
Facebook Ads,2020-09-14,MX,134.86,120.97
Facebook Ads,2020-09-14,PL,76.42,74.8
Facebook Ads,2020-09-14,RU,149.85,153.59
Facebook Ads,2020-09-14,US,2352.88,2171.32
Facebook Ads,2020-09-15,BR,251.33,368.65
Facebook Ads,2020-09-15,CA,201.34,117.1
Facebook Ads,2020-09-15,DE,56.94,34.8
Facebook Ads,2020-09-15,GB,0.0,134.57
Facebook Ads,2020-09-15,HK,106.39,49.03
Facebook Ads,2020-09-15,MX,99.94,102.1
Facebook Ads,2020-09-15,PL,42.46,51.2
Facebook Ads,2020-09-15,RU,258.28000000000003,162.94
Facebook Ads,2020-09-15,US,2351.42,1868.42
Facebook Ads,2020-09-16,BR,148.89,212.35
Facebook Ads,2020-09-16,CA,317.34000000000003,128.18
Facebook Ads,2020-09-16,DE,38.46,42.79
Facebook Ads,2020-09-16,GB,0.0,174.61
Facebook Ads,2020-09-16,HK,20.48,60.4
Facebook Ads,2020-09-16,MX,142.85,124.91
Facebook Ads,2020-09-16,PL,129.37,71.18
Facebook Ads,2020-09-16,RU,220.86,318.78
Facebook Ads,2020-09-16,US,2606.66,2018.6
Facebook Ads,2020-09-17,BR,180.85000000000002,158.86
Facebook Ads,2020-09-17,CA,112.43,88.32
Facebook Ads,2020-09-17,DE,29.97,30.56
Facebook Ads,2020-09-17,GB,0.0,135.17
Facebook Ads,2020-09-17,HK,97.94,41.88
Facebook Ads,2020-09-17,MX,105.89,102.39
Facebook Ads,2020-09-17,PL,49.45,53.69
Facebook Ads,2020-09-17,RU,157.84,190.69
Facebook Ads,2020-09-17,US,2201.41,1851.42
Facebook Ads,2020-09-18,BR,172.36,86.81
Facebook Ads,2020-09-18,CA,80.42,56.32
Facebook Ads,2020-09-18,DE,38.46,14.9
Facebook Ads,2020-09-18,GB,0.0,93.03
Facebook Ads,2020-09-18,HK,45.45,23.41
Facebook Ads,2020-09-18,MX,98.9,54.14
Facebook Ads,2020-09-18,PL,88.95,18.77
Facebook Ads,2020-09-18,RU,208.82,109.59
Facebook Ads,2020-09-18,US,1873.65,1206.4
Facebook Ads,2020-09-19,BR,181.81,53.65
Facebook Ads,2020-09-19,CA,40.46,43.97
Facebook Ads,2020-09-19,DE,47.95,18.19
Facebook Ads,2020-09-19,GB,0.0,54.45
Facebook Ads,2020-09-19,HK,48.45,27.71
Facebook Ads,2020-09-19,MX,79.92,31.41
Facebook Ads,2020-09-19,PL,60.480000000000004,17.27
Facebook Ads,2020-09-19,RU,93.91,107.95
Facebook Ads,2020-09-19,US,1697.97,1206.16
Facebook Ads,2020-09-20,BR,176.82,62.83
Facebook Ads,2020-09-20,CA,106.89,38.68
Facebook Ads,2020-09-20,DE,20.48,23.36
Facebook Ads,2020-09-20,GB,0.0,67.15
Facebook Ads,2020-09-20,HK,57.94,16.85
Facebook Ads,2020-09-20,MX,69.43,35.49
Facebook Ads,2020-09-20,PL,76.42,19.95
Facebook Ads,2020-09-20,RU,191.81,119.15
Facebook Ads,2020-09-20,US,1807.3500000000001,1125.39
Facebook Ads,2020-09-21,BR,169.33,89.5
Facebook Ads,2020-09-21,CA,130.37,102.09
Facebook Ads,2020-09-21,DE,69.93,34.25
Facebook Ads,2020-09-21,GB,0.0,149.4
Facebook Ads,2020-09-21,HK,87.91,36.81
Facebook Ads,2020-09-21,MX,127.87,60.46
Facebook Ads,2020-09-21,PL,58.44,34.34
Facebook Ads,2020-09-21,RU,122.88,116.04
Facebook Ads,2020-09-21,US,2441.78,1316.56
Facebook Ads,2020-09-22,BR,149.85,87.72
Facebook Ads,2020-09-22,CA,158.34,110.92
Facebook Ads,2020-09-22,DE,56.94,33.34
Facebook Ads,2020-09-22,GB,0.0,112.65
Facebook Ads,2020-09-22,HK,164.37,36.2
Facebook Ads,2020-09-22,MX,29.47,78.64
Facebook Ads,2020-09-22,PL,69.93,30.07
Facebook Ads,2020-09-22,RU,151.85,125.1
Facebook Ads,2020-09-22,US,2072.45,1519.61
Facebook Ads,2020-09-23,BR,98.4,82.33
Facebook Ads,2020-09-23,CA,159.38,99.3
Facebook Ads,2020-09-23,DE,80.46000000000001,22.33
Facebook Ads,2020-09-23,GB,0.0,118.66
Facebook Ads,2020-09-23,HK,19.98,29.8
Facebook Ads,2020-09-23,MX,142.35,60.92
Facebook Ads,2020-09-23,PL,86.41,21.53
Facebook Ads,2020-09-23,RU,156.88,115.97
Facebook Ads,2020-09-23,US,2358.7400000000002,1569.93
Facebook Ads,2020-09-24,BR,107.89,69.13
Facebook Ads,2020-09-24,CA,48.45,99.54
Facebook Ads,2020-09-24,DE,39.96,32.35
Facebook Ads,2020-09-24,GB,0.0,108.44
Facebook Ads,2020-09-24,HK,39.96,31.49
Facebook Ads,2020-09-24,MX,110.39,68.18
Facebook Ads,2020-09-24,PL,47.95,25.98
Facebook Ads,2020-09-24,RU,159.84,127.05
Facebook Ads,2020-09-24,US,2226.42,1488.88
Facebook Ads,2020-09-25,BR,122.87,65.91
Facebook Ads,2020-09-25,CA,108.43,84.93
Facebook Ads,2020-09-25,DE,18.48,18.35
Facebook Ads,2020-09-25,GB,0.0,89.21
Facebook Ads,2020-09-25,HK,51.94,19.86
Facebook Ads,2020-09-25,MX,110.39,58.17
Facebook Ads,2020-09-25,PL,97.94,19.93
Facebook Ads,2020-09-25,RU,162.83,161.2
Facebook Ads,2020-09-25,US,1759.22,1438.56
Facebook Ads,2020-09-26,BR,182.81,84.83
Facebook Ads,2020-09-26,CA,50.45,113.63
Facebook Ads,2020-09-26,DE,65.93,28.61
Facebook Ads,2020-09-26,GB,0.0,135.91
Facebook Ads,2020-09-26,HK,47.95,23.16
Facebook Ads,2020-09-26,MX,71.43,53.08
Facebook Ads,2020-09-26,PL,20.48,28.68
Facebook Ads,2020-09-26,RU,113.39,185.63
Facebook Ads,2020-09-26,US,1456.5900000000001,1637.99
Facebook Ads,2020-09-27,BR,302.27,86.96
Facebook Ads,2020-09-27,CA,100.4,92.25
Facebook Ads,2020-09-27,DE,20.48,59.22
Facebook Ads,2020-09-27,GB,0.0,109.4
Facebook Ads,2020-09-27,HK,57.94,35.87
Facebook Ads,2020-09-27,MX,49.95,62.15
Facebook Ads,2020-09-27,PL,75.92,45.81
Facebook Ads,2020-09-27,RU,229.31,204.65
Facebook Ads,2020-09-27,US,1504.54,1166.16
Facebook Ads,2020-09-28,BR,140.36,73.52
Facebook Ads,2020-09-28,CA,146.85,75.06
Facebook Ads,2020-09-28,DE,50.95,39.78
Facebook Ads,2020-09-28,GB,0.0,79.0
Facebook Ads,2020-09-28,HK,37.96,26.93
Facebook Ads,2020-09-28,MX,124.37,44.4
Facebook Ads,2020-09-28,PL,58.94,30.2
Facebook Ads,2020-09-28,RU,123.88,180.23
Facebook Ads,2020-09-28,US,2068.4,1230.45
Facebook Ads,2020-09-29,BR,159.34,83.29
Facebook Ads,2020-09-29,CA,180.86,76.1
Facebook Ads,2020-09-29,DE,67.93,44.42
Facebook Ads,2020-09-29,GB,0.0,117.29
Facebook Ads,2020-09-29,HK,111.88,15.24
Facebook Ads,2020-09-29,MX,58.94,67.47
Facebook Ads,2020-09-29,PL,49.95,28.15
Facebook Ads,2020-09-29,RU,159.84,162.95
Facebook Ads,2020-09-29,US,2152.42,1362.18
Facebook Ads,2020-09-30,BR,87.95,98.69
Facebook Ads,2020-09-30,CA,59.94,82.13
Facebook Ads,2020-09-30,DE,20.48,35.94
Facebook Ads,2020-09-30,GB,0.0,184.01
Facebook Ads,2020-09-30,HK,10.49,19.34
Facebook Ads,2020-09-30,MX,19.98,88.0
Facebook Ads,2020-09-30,PL,37.96,18.09
Facebook Ads,2020-09-30,RU,38.46,98.08
Facebook Ads,2020-09-30,US,931.54,1463.22
Google Ads,2020-07-01,Organic/Unknown,0.0,0.0
Google Ads,2020-07-02,Organic/Unknown,0.0,0.0
Google Ads,2020-07-03,Organic/Unknown,0.0,0.0
Google Ads,2020-07-04,Organic/Unknown,0.0,0.0
Google Ads,2020-07-05,Organic/Unknown,0.0,0.0
Google Ads,2020-07-05,US,0.0,0.0
Google Ads,2020-07-06,Organic/Unknown,0.0,1.16
Google Ads,2020-07-07,Organic/Unknown,0.0,5.4
Google Ads,2020-07-08,Organic/Unknown,0.0,21.36
Google Ads,2020-07-09,Organic/Unknown,0.0,15.11
Google Ads,2020-07-10,Organic/Unknown,0.0,23.39
Google Ads,2020-07-11,Organic/Unknown,0.0,22.63
Google Ads,2020-07-12,Organic/Unknown,0.0,8.06
Google Ads,2020-07-13,Organic/Unknown,0.0,3.66
Google Ads,2020-07-14,Organic/Unknown,0.0,7.06
Google Ads,2020-07-15,Organic/Unknown,0.0,13.36
Google Ads,2020-07-16,Organic/Unknown,0.0,12.65
Google Ads,2020-07-17,Organic/Unknown,0.0,9.06
Google Ads,2020-07-18,Organic/Unknown,0.0,9.61
Google Ads,2020-07-19,CA,0.5,0.0
Google Ads,2020-07-19,Organic/Unknown,0.0,9.86
Google Ads,2020-07-20,Organic/Unknown,0.0,23.16
Google Ads,2020-07-21,Organic/Unknown,0.0,39.07
Google Ads,2020-07-21,US,49.99,0.0
Google Ads,2020-07-22,Organic/Unknown,0.0,80.66
Google Ads,2020-07-22,US,0.0,0.0
Google Ads,2020-07-23,Organic/Unknown,0.0,133.37
Google Ads,2020-07-24,Organic/Unknown,0.0,185.17
Google Ads,2020-07-25,Organic/Unknown,0.0,173.68
Google Ads,2020-07-26,CA,0.0,0.0
Google Ads,2020-07-26,Organic/Unknown,0.0,152.33
Google Ads,2020-07-26,US,0.0,0.0
Google Ads,2020-07-27,Organic/Unknown,0.0,170.95
Google Ads,2020-07-27,US,0.5,0.0
Google Ads,2020-07-28,Organic/Unknown,0.0,65.48
Google Ads,2020-07-29,Organic/Unknown,0.0,0.49
Google Ads,2020-07-30,Organic/Unknown,0.0,0.82
Google Ads,2020-07-31,Organic/Unknown,0.0,2.64
Google Ads,2020-08-01,Organic/Unknown,0.0,2.23
Google Ads,2020-08-01,US,0.0,0.0
Google Ads,2020-08-02,Organic/Unknown,0.0,1.38
Google Ads,2020-08-03,Organic/Unknown,0.0,1.16
Google Ads,2020-08-03,US,9.99,0.0
Google Ads,2020-08-04,Organic/Unknown,0.0,1.29
Google Ads,2020-08-05,Organic/Unknown,0.0,4.44
Google Ads,2020-08-06,Organic/Unknown,0.0,2.65
Google Ads,2020-08-07,Organic/Unknown,0.0,6.74
Google Ads,2020-08-08,BR,0.0,0.0
Google Ads,2020-08-08,Organic/Unknown,0.0,21.29
Google Ads,2020-08-08,US,0.0,0.0
Google Ads,2020-08-09,Organic/Unknown,0.0,29.07
Google Ads,2020-08-10,Organic/Unknown,0.0,21.05
Google Ads,2020-08-10,US,10.49,0.0
Google Ads,2020-08-11,Organic/Unknown,0.0,9.65
Google Ads,2020-08-12,Organic/Unknown,0.0,7.14
Google Ads,2020-08-13,Organic/Unknown,0.0,6.2
Google Ads,2020-08-14,Organic/Unknown,0.0,24.64
Google Ads,2020-08-15,Organic/Unknown,0.0,125.49
Google Ads,2020-08-15,US,7.99,0.0
Google Ads,2020-08-16,Organic/Unknown,0.0,91.25
Google Ads,2020-08-17,Organic/Unknown,0.0,103.9
Google Ads,2020-08-17,US,9.99,0.0
Google Ads,2020-08-18,Organic/Unknown,0.0,42.11
Google Ads,2020-08-19,DE,0.5,0.0
Google Ads,2020-08-19,Organic/Unknown,0.0,218.22
Google Ads,2020-08-20,CA,0.5,0.0
Google Ads,2020-08-20,Organic/Unknown,0.0,213.13
Google Ads,2020-08-20,US,0.5,0.0
Google Ads,2020-08-21,Organic/Unknown,0.0,502.95
Google Ads,2020-08-21,PL,7.99,0.0
Google Ads,2020-08-21,US,0.5,0.0
Google Ads,2020-08-22,Organic/Unknown,0.0,1011.9
Google Ads,2020-08-22,US,7.99,0.0
Google Ads,2020-08-23,BR,0.0,0.0
Google Ads,2020-08-23,DE,10.49,0.0
Google Ads,2020-08-23,MX,0.5,0.0
Google Ads,2020-08-23,Organic/Unknown,0.0,560.15
Google Ads,2020-08-23,PL,10.49,0.0
Google Ads,2020-08-24,MX,0.5,0.0
Google Ads,2020-08-24,Organic/Unknown,0.0,384.5
Google Ads,2020-08-24,US,9.99,0.0
Google Ads,2020-08-25,BR,10.49,0.0
Google Ads,2020-08-25,MX,0.0,0.0
Google Ads,2020-08-25,Organic/Unknown,0.0,619.25
Google Ads,2020-08-25,PL,1.0,0.0
Google Ads,2020-08-26,BR,0.0,0.0
Google Ads,2020-08-26,Organic/Unknown,0.0,1002.3
Google Ads,2020-08-26,US,0.5,0.0
Google Ads,2020-08-27,BR,0.0,0.0
Google Ads,2020-08-27,CA,0.5,0.0
Google Ads,2020-08-27,HK,0.0,0.0
Google Ads,2020-08-27,MX,0.5,0.0
Google Ads,2020-08-27,Organic/Unknown,0.0,959.51
Google Ads,2020-08-27,US,0.5,0.0
Google Ads,2020-08-28,DE,0.5,0.0
Google Ads,2020-08-28,MX,11.49,0.0
Google Ads,2020-08-28,Organic/Unknown,0.0,893.75
Google Ads,2020-08-29,HK,0.5,0.0
Google Ads,2020-08-29,MX,0.0,0.0
Google Ads,2020-08-29,Organic/Unknown,0.0,420.88
Google Ads,2020-08-29,US,8.49,0.0
Google Ads,2020-08-30,BR,0.5,0.0
Google Ads,2020-08-30,CA,0.5,0.0
Google Ads,2020-08-30,HK,24.98,0.0
Google Ads,2020-08-30,MX,19.98,0.0
Google Ads,2020-08-30,Organic/Unknown,0.0,1107.36
Google Ads,2020-08-30,PL,0.0,0.0
Google Ads,2020-08-30,US,0.5,0.0
Google Ads,2020-08-31,BR,99.98,0.0
Google Ads,2020-08-31,CA,10.49,0.0
Google Ads,2020-08-31,HK,3.5,0.0
Google Ads,2020-08-31,Organic/Unknown,0.0,631.24
Google Ads,2020-08-31,US,9.99,0.0
Google Ads,2020-09-01,BR,9.99,0.0
Google Ads,2020-09-01,CA,60.980000000000004,0.0
Google Ads,2020-09-01,HK,3.5,0.0
Google Ads,2020-09-01,Organic/Unknown,0.0,558.64
Google Ads,2020-09-01,US,2.5,0.0
Google Ads,2020-09-02,BR,7.99,0.0
Google Ads,2020-09-02,CA,1.0,0.0
Google Ads,2020-09-02,HK,2.0,0.0
Google Ads,2020-09-02,Organic/Unknown,0.0,557.41
Google Ads,2020-09-02,PL,0.0,0.0
Google Ads,2020-09-02,US,4.0,0.0
Google Ads,2020-09-03,CA,1.5,0.0
Google Ads,2020-09-03,HK,1.5,0.0
Google Ads,2020-09-03,MX,7.99,0.0
Google Ads,2020-09-03,Organic/Unknown,0.0,572.82
Google Ads,2020-09-03,US,51.99,0.0
Google Ads,2020-09-04,CA,1.0,0.0
Google Ads,2020-09-04,DE,19.98,0.0
Google Ads,2020-09-04,HK,0.0,0.0
Google Ads,2020-09-04,MX,19.98,0.0
Google Ads,2020-09-04,Organic/Unknown,0.0,533.22
Google Ads,2020-09-04,US,11.49,0.0
Google Ads,2020-09-05,CA,0.5,0.0
Google Ads,2020-09-05,HK,3.0,0.0
Google Ads,2020-09-05,Organic/Unknown,0.0,704.67
Google Ads,2020-09-05,US,19.98,0.0
Google Ads,2020-09-06,CA,1.0,0.0
Google Ads,2020-09-06,HK,32.97,0.0
Google Ads,2020-09-06,Organic/Unknown,0.0,929.32
Google Ads,2020-09-06,US,10.49,0.0
Google Ads,2020-09-07,CA,7.99,0.0
Google Ads,2020-09-07,HK,1.5,0.0
Google Ads,2020-09-07,MX,0.5,0.0
Google Ads,2020-09-07,Organic/Unknown,0.0,946.75
Google Ads,2020-09-07,US,72.47,0.0
Google Ads,2020-09-08,BR,9.99,0.0
Google Ads,2020-09-08,CA,20.48,0.0
Google Ads,2020-09-08,HK,20.48,0.0
Google Ads,2020-09-08,Organic/Unknown,0.0,745.13
Google Ads,2020-09-08,RU,0.0,0.0
Google Ads,2020-09-08,US,72.47,0.0
Google Ads,2020-09-09,CA,7.99,0.0
Google Ads,2020-09-09,DE,0.5,0.0
Google Ads,2020-09-09,HK,19.98,0.0
Google Ads,2020-09-09,Organic/Unknown,0.0,751.03
Google Ads,2020-09-09,PL,0.0,0.0
Google Ads,2020-09-09,RU,0.5,0.0
Google Ads,2020-09-09,US,51.45,0.0
Google Ads,2020-09-10,CA,10.49,0.0
Google Ads,2020-09-10,HK,19.98,0.0
Google Ads,2020-09-10,MX,7.99,0.0
Google Ads,2020-09-10,Organic/Unknown,0.0,1374.75
Google Ads,2020-09-10,US,93.45,0.0
Google Ads,2020-09-11,CA,0.0,0.0
Google Ads,2020-09-11,HK,0.5,0.0
Google Ads,2020-09-11,MX,9.99,0.0
Google Ads,2020-09-11,Organic/Unknown,0.0,1663.85
Google Ads,2020-09-11,PL,0.5,0.0
Google Ads,2020-09-11,RU,0.0,0.0
Google Ads,2020-09-11,US,75.97,0.0
Google Ads,2020-09-12,CA,20.48,0.0
Google Ads,2020-09-12,DE,0.5,0.0
Google Ads,2020-09-12,HK,29.97,0.0
Google Ads,2020-09-12,MX,10.49,0.0
Google Ads,2020-09-12,Organic/Unknown,0.0,2272.3
Google Ads,2020-09-12,RU,0.0,0.0
Google Ads,2020-09-12,US,108.43,0.0
Google Ads,2020-09-13,CA,10.99,0.0
Google Ads,2020-09-13,HK,49.95,0.0
Google Ads,2020-09-13,Organic/Unknown,0.0,2281.3
Google Ads,2020-09-13,RU,0.5,0.0
Google Ads,2020-09-13,US,149.93,0.0
Google Ads,2020-09-14,BR,0.5,0.0
Google Ads,2020-09-14,CA,4.0,0.0
Google Ads,2020-09-14,DE,0.5,0.0
Google Ads,2020-09-14,Organic/Unknown,0.0,1951.61
Google Ads,2020-09-14,RU,0.5,0.0
Google Ads,2020-09-14,US,236.89000000000001,0.0
Google Ads,2020-09-15,BR,9.99,0.0
Google Ads,2020-09-15,CA,31.47,0.0
Google Ads,2020-09-15,HK,80.46000000000001,0.0
Google Ads,2020-09-15,Organic/Unknown,0.0,1793.35
Google Ads,2020-09-15,RU,1.0,0.0
Google Ads,2020-09-15,US,286.38,0.0
Google Ads,2020-09-16,CA,0.5,0.0
Google Ads,2020-09-16,HK,10.99,0.0
Google Ads,2020-09-16,MX,0.5,0.0
Google Ads,2020-09-16,Organic/Unknown,0.0,1248.38
Google Ads,2020-09-16,RU,0.5,0.0
Google Ads,2020-09-16,US,155.39000000000001,0.0
Google Ads,2020-09-17,CA,52.99,0.0
Google Ads,2020-09-17,DE,99.98,0.0
Google Ads,2020-09-17,HK,0.0,0.0
Google Ads,2020-09-17,MX,7.99,0.0
Google Ads,2020-09-17,Organic/Unknown,0.0,1370.86
Google Ads,2020-09-17,PL,0.0,0.0
Google Ads,2020-09-17,RU,0.0,0.0
Google Ads,2020-09-17,US,153.39000000000001,0.0
Google Ads,2020-09-18,CA,0.5,0.0
Google Ads,2020-09-18,HK,0.0,0.0
Google Ads,2020-09-18,MX,0.5,0.0
Google Ads,2020-09-18,Organic/Unknown,0.0,1526.01
Google Ads,2020-09-18,RU,0.5,0.0
Google Ads,2020-09-18,US,152.39000000000001,0.0
Google Ads,2020-09-19,CA,31.47,0.0
Google Ads,2020-09-19,DE,59.980000000000004,0.0
Google Ads,2020-09-19,HK,9.99,0.0
Google Ads,2020-09-19,Organic/Unknown,0.0,1123.55
Google Ads,2020-09-19,US,134.41,0.0
Google Ads,2020-09-20,BR,1.0,0.0
Google Ads,2020-09-20,CA,51.49,0.0
Google Ads,2020-09-20,HK,60.44,0.0
Google Ads,2020-09-20,Organic/Unknown,0.0,1019.7
Google Ads,2020-09-20,PL,0.0,0.0
Google Ads,2020-09-20,RU,7.99,0.0
Google Ads,2020-09-20,US,134.95000000000002,0.0
Google Ads,2020-09-21,CA,50.95,0.0
Google Ads,2020-09-21,HK,49.99,0.0
Google Ads,2020-09-21,Organic/Unknown,0.0,683.93
Google Ads,2020-09-21,RU,10.49,0.0
Google Ads,2020-09-21,US,147.89,0.0
Google Ads,2020-09-22,BR,9.99,0.0
Google Ads,2020-09-22,CA,79.42,0.0
Google Ads,2020-09-22,HK,29.97,0.0
Google Ads,2020-09-22,Organic/Unknown,0.0,1014.75
Google Ads,2020-09-22,RU,9.49,0.0
Google Ads,2020-09-22,US,122.38,0.0
Google Ads,2020-09-23,CA,8.99,0.0
Google Ads,2020-09-23,Organic/Unknown,0.0,950.96
Google Ads,2020-09-23,RU,0.5,0.0
Google Ads,2020-09-23,US,197.34,0.0
Google Ads,2020-09-24,CA,21.98,0.0
Google Ads,2020-09-24,DE,0.0,0.0
Google Ads,2020-09-24,HK,1.0,0.0
Google Ads,2020-09-24,Organic/Unknown,0.0,1803.96
Google Ads,2020-09-24,RU,18.48,0.0
Google Ads,2020-09-24,US,277.81,0.0
Google Ads,2020-09-25,CA,69.97,0.0
Google Ads,2020-09-25,HK,0.5,0.0
Google Ads,2020-09-25,MX,9.99,0.0
Google Ads,2020-09-25,Organic/Unknown,0.0,1613.88
Google Ads,2020-09-25,RU,50.99,0.0
Google Ads,2020-09-25,US,238.3,0.0
Google Ads,2020-09-26,BR,0.0,0.0
Google Ads,2020-09-26,CA,161.42000000000002,0.0
Google Ads,2020-09-26,DE,9.99,0.0
Google Ads,2020-09-26,HK,9.99,0.0
Google Ads,2020-09-26,Organic/Unknown,0.0,1432.19
Google Ads,2020-09-26,US,335.83000000000004,0.0
Google Ads,2020-09-27,BR,9.99,0.0
Google Ads,2020-09-27,CA,58.980000000000004,0.0
Google Ads,2020-09-27,DE,1.0,0.0
Google Ads,2020-09-27,HK,70.43,0.0
Google Ads,2020-09-27,MX,99.98,0.0
Google Ads,2020-09-27,Organic/Unknown,0.0,1488.04
Google Ads,2020-09-27,PL,0.0,0.0
Google Ads,2020-09-27,RU,0.5,0.0
Google Ads,2020-09-27,US,153.89,0.0
Google Ads,2020-09-28,CA,69.43,0.0
Google Ads,2020-09-28,DE,0.0,0.0
Google Ads,2020-09-28,HK,0.5,0.0
Google Ads,2020-09-28,Organic/Unknown,0.0,1364.74
Google Ads,2020-09-28,RU,1.0,0.0
Google Ads,2020-09-28,US,205.88,0.0
Google Ads,2020-09-29,BR,9.99,0.0
Google Ads,2020-09-29,CA,87.91,0.0
Google Ads,2020-09-29,DE,0.5,0.0
Google Ads,2020-09-29,HK,79.96000000000001,0.0
Google Ads,2020-09-29,Organic/Unknown,0.0,1559.28
Google Ads,2020-09-29,RU,1.0,0.0
Google Ads,2020-09-29,US,339.33,0.0
Google Ads,2020-09-30,CA,0.0,0.0
Google Ads,2020-09-30,Organic/Unknown,0.0,1200.14
Google Ads,2020-09-30,RU,0.5,0.0
Google Ads,2020-09-30,US,201.38,0.0
Organic/Unknown,2020-07-01,Organic/Unknown,182.94,0.0
Organic/Unknown,2020-07-02,Organic/Unknown,168.46,0.0
Organic/Unknown,2020-07-03,Organic/Unknown,58.99,0.0
Organic/Unknown,2020-07-04,Organic/Unknown,245.92000000000002,0.0
Organic/Unknown,2020-07-05,Organic/Unknown,364.92,0.0
Organic/Unknown,2020-07-06,Organic/Unknown,119.97,0.0
Organic/Unknown,2020-07-07,Organic/Unknown,377.91,0.0
Organic/Unknown,2020-07-08,Organic/Unknown,138.86,0.0
Organic/Unknown,2020-07-09,Organic/Unknown,378.82,0.0
Organic/Unknown,2020-07-10,Organic/Unknown,242.38,0.0
Organic/Unknown,2020-07-11,Organic/Unknown,321.26,0.0
Organic/Unknown,2020-07-12,Organic/Unknown,226.86,0.0
Organic/Unknown,2020-07-13,Organic/Unknown,334.32,0.0
Organic/Unknown,2020-07-14,Organic/Unknown,368.83,0.0
Organic/Unknown,2020-07-15,Organic/Unknown,230.81,0.0
Organic/Unknown,2020-07-16,Organic/Unknown,370.29,0.0
Organic/Unknown,2020-07-17,Organic/Unknown,640.19,0.0
Organic/Unknown,2020-07-18,Organic/Unknown,449.22,0.0
Organic/Unknown,2020-07-19,Organic/Unknown,825.59,0.0
Organic/Unknown,2020-07-20,Organic/Unknown,819.1700000000001,0.0
Organic/Unknown,2020-07-21,Organic/Unknown,645.1700000000001,0.0
Organic/Unknown,2020-07-22,Organic/Unknown,551.69,0.0
Organic/Unknown,2020-07-23,Organic/Unknown,337.73,0.0
Organic/Unknown,2020-07-24,Organic/Unknown,490.12,0.0
Organic/Unknown,2020-07-25,Organic/Unknown,748.38,0.0
Organic/Unknown,2020-07-26,Organic/Unknown,743.32,0.0
Organic/Unknown,2020-07-27,Organic/Unknown,535.57,0.0
Organic/Unknown,2020-07-28,Organic/Unknown,479.67,0.0
Organic/Unknown,2020-07-29,Organic/Unknown,282.26,0.0
Organic/Unknown,2020-07-30,Organic/Unknown,451.15000000000003,0.0
Organic/Unknown,2020-07-31,Organic/Unknown,530.57,0.0
Organic/Unknown,2020-08-01,Organic/Unknown,514.5,0.0
Organic/Unknown,2020-08-02,Organic/Unknown,935.83,0.0
Organic/Unknown,2020-08-03,Organic/Unknown,670.97,0.0
Organic/Unknown,2020-08-04,Organic/Unknown,734.58,0.0
Organic/Unknown,2020-08-05,Organic/Unknown,364.63,0.0
Organic/Unknown,2020-08-06,Organic/Unknown,383.63,0.0
Organic/Unknown,2020-08-07,Organic/Unknown,780.44,0.0
Organic/Unknown,2020-08-08,Organic/Unknown,650.45,0.0
Organic/Unknown,2020-08-09,Organic/Unknown,716.38,0.0
Organic/Unknown,2020-08-10,Organic/Unknown,660.45,0.0
Organic/Unknown,2020-08-11,Organic/Unknown,541.5600000000001,0.0
Organic/Unknown,2020-08-12,Organic/Unknown,554.1,0.0
Organic/Unknown,2020-08-13,Organic/Unknown,601.98,0.0
Organic/Unknown,2020-08-14,Organic/Unknown,717.46,0.0
Organic/Unknown,2020-08-15,Organic/Unknown,562.0,0.0
Organic/Unknown,2020-08-16,Organic/Unknown,515.97,0.0
Organic/Unknown,2020-08-17,Organic/Unknown,628.47,0.0
Organic/Unknown,2020-08-18,Organic/Unknown,423.06,0.0
Organic/Unknown,2020-08-19,Organic/Unknown,663.53,0.0
Organic/Unknown,2020-08-20,Organic/Unknown,531.98,0.0
Organic/Unknown,2020-08-21,Organic/Unknown,616.99,0.0
Organic/Unknown,2020-08-22,Organic/Unknown,704.44,0.0
Organic/Unknown,2020-08-23,Organic/Unknown,826.94,0.0
Organic/Unknown,2020-08-24,Organic/Unknown,926.88,0.0
Organic/Unknown,2020-08-25,Organic/Unknown,445.08,0.0
Organic/Unknown,2020-08-26,Organic/Unknown,725.5,0.0
Organic/Unknown,2020-08-27,Organic/Unknown,680.38,0.0
Organic/Unknown,2020-08-28,Organic/Unknown,577.03,0.0
Organic/Unknown,2020-08-29,Organic/Unknown,643.9200000000001,0.0
Organic/Unknown,2020-08-30,Organic/Unknown,705.4300000000001,0.0
Organic/Unknown,2020-08-31,Organic/Unknown,692.86,0.0
Organic/Unknown,2020-09-01,Organic/Unknown,645.95,0.0
Organic/Unknown,2020-09-02,Organic/Unknown,432.1,0.0
Organic/Unknown,2020-09-03,Organic/Unknown,822.85,0.0
Organic/Unknown,2020-09-04,Organic/Unknown,584.98,0.0
Organic/Unknown,2020-09-05,Organic/Unknown,629.39,0.0
Organic/Unknown,2020-09-06,Organic/Unknown,605.45,0.0
Organic/Unknown,2020-09-07,Organic/Unknown,913.3000000000001,0.0
Organic/Unknown,2020-09-08,Organic/Unknown,497.04,0.0
Organic/Unknown,2020-09-09,Organic/Unknown,703.48,0.0
Organic/Unknown,2020-09-10,Organic/Unknown,668.9300000000001,0.0
Organic/Unknown,2020-09-11,Organic/Unknown,661.94,0.0
Organic/Unknown,2020-09-12,Organic/Unknown,836.35,0.0
Organic/Unknown,2020-09-13,Organic/Unknown,738.44,0.0
Organic/Unknown,2020-09-14,Organic/Unknown,889.88,0.0
Organic/Unknown,2020-09-15,Organic/Unknown,741.37,0.0
Organic/Unknown,2020-09-16,Organic/Unknown,733.87,0.0
Organic/Unknown,2020-09-17,Organic/Unknown,778.91,0.0
Organic/Unknown,2020-09-18,Organic/Unknown,558.92,0.0
Organic/Unknown,2020-09-19,Organic/Unknown,668.44,0.0
Organic/Unknown,2020-09-20,Organic/Unknown,709.88,0.0
Organic/Unknown,2020-09-21,Organic/Unknown,646.87,0.0
Organic/Unknown,2020-09-22,Organic/Unknown,753.9,0.0
Organic/Unknown,2020-09-23,Organic/Unknown,743.4,0.0
Organic/Unknown,2020-09-24,Organic/Unknown,787.8100000000001,0.0
Organic/Unknown,2020-09-25,Organic/Unknown,557.97,0.0
Organic/Unknown,2020-09-26,Organic/Unknown,586.94,0.0
Organic/Unknown,2020-09-27,Organic/Unknown,578.9300000000001,0.0
Organic/Unknown,2020-09-28,Organic/Unknown,704.82,0.0
Organic/Unknown,2020-09-29,Organic/Unknown,724.34,0.0
Organic/Unknown,2020-09-30,Organic/Unknown,250.24,0.0
